heartbeat_id,channel,label,sample_absolute,sample_relative
0,heartbeat,start,362779,191
0,ICG,B-point,363016,428
0,heartbeat,end,363243,655
1,heartbeat,start,363243,655
1,ICG,B-point,363484,896
1,heartbeat,end,363707,1119
2,heartbeat,start,363707,1119
2,ICG,B-point,363944,1356
2,heartbeat,end,364172,1584
3,heartbeat,start,364172,1584
3,ICG,B-point,364413,1825
3,heartbeat,end,364636,2048
4,heartbeat,start,364636,2048
4,ICG,B-point,364872,2284
4,heartbeat,end,365098,2510
5,heartbeat,start,365098,2510
5,ICG,B-point,365338,2750
5,heartbeat,end,365553,2965
6,heartbeat,start,365553,2965
6,ICG,B-point,365788,3200
6,heartbeat,end,366008,3420
7,heartbeat,start,366008,3420
7,ICG,B-point,366249,3661
7,heartbeat,end,366462,3874
8,heartbeat,start,366462,3874
8,ICG,B-point,366702,4114
8,heartbeat,end,366917,4329
9,heartbeat,start,366917,4329
9,ICG,B-point,367159,4571
9,heartbeat,end,367372,4784
10,heartbeat,start,367372,4784
10,ICG,B-point,367611,5023
10,heartbeat,end,367828,5240
11,heartbeat,start,367828,5240
11,ICG,B-point,368071,5483
11,heartbeat,end,368282,5694
12,heartbeat,start,368282,5694
12,ICG,B-point,368521,5933
12,heartbeat,end,368738,6150
13,heartbeat,start,368738,6150
13,ICG,B-point,368979,6391
13,heartbeat,end,369200,6612
14,heartbeat,start,369200,6612
14,ICG,B-point,369437,6849
14,heartbeat,end,369664,7076
15,heartbeat,start,369664,7076
15,ICG,B-point,369904,7316
15,heartbeat,end,370133,7545
16,heartbeat,start,370133,7545
16,ICG,B-point,370379,7791
16,heartbeat,end,370595,8007
17,heartbeat,start,370595,8007
17,ICG,B-point,370829,8241
17,heartbeat,end,371054,8466
18,heartbeat,start,371054,8466
18,ICG,B-point,371293,8705
18,heartbeat,end,371514,8926
19,heartbeat,start,371514,8926
19,ICG,B-point,371753,9165
19,heartbeat,end,371973,9385
20,heartbeat,start,371973,9385
20,ICG,B-point,372213,9625
20,heartbeat,end,372431,9843
21,heartbeat,start,372431,9843
21,ICG,B-point,372667,10079
21,heartbeat,end,372879,10291
22,heartbeat,start,372879,10291
22,ICG,B-point,373109,10521
22,heartbeat,end,373329,10741
23,heartbeat,start,373329,10741
23,ICG,B-point,373564,10976
23,heartbeat,end,373784,11196
24,heartbeat,start,373784,11196
24,ICG,B-point,374021,11433
24,heartbeat,end,374245,11657
25,heartbeat,start,374245,11657
25,ICG,B-point,374485,11897
25,heartbeat,end,374703,12115
26,heartbeat,start,374703,12115
26,ICG,B-point,374933,12345
26,heartbeat,end,375163,12575
27,heartbeat,start,375163,12575
27,ICG,B-point,375399,12811
27,heartbeat,end,375630,13042
28,heartbeat,start,375630,13042
28,ICG,B-point,375871,13283
28,heartbeat,end,376101,13513
29,heartbeat,start,376101,13513
29,ICG,B-point,376345,13757
29,heartbeat,end,376576,13988
30,heartbeat,start,376576,13988
30,ICG,B-point,376823,14235
30,heartbeat,end,377042,14454
31,heartbeat,start,377042,14454
31,ICG,B-point,377282,14694
31,heartbeat,end,377504,14916
32,heartbeat,start,377504,14916
32,ICG,B-point,377739,15151
32,heartbeat,end,377963,15375
33,heartbeat,start,377963,15375
33,ICG,B-point,378204,15616
33,heartbeat,end,378424,15836
34,heartbeat,start,378424,15836
34,ICG,B-point,378665,16077
34,heartbeat,end,378881,16293
35,heartbeat,start,378881,16293
35,ICG,B-point,379120,16532
35,heartbeat,end,379340,16752
36,heartbeat,start,379340,16752
36,ICG,B-point,379577,16989
36,heartbeat,end,379798,17210
37,heartbeat,start,379798,17210
37,ICG,B-point,380032,17444
37,heartbeat,end,380255,17667
38,heartbeat,start,380255,17667
38,ICG,B-point,380496,17908
38,heartbeat,end,380714,18126
39,heartbeat,start,380714,18126
39,ICG,B-point,380955,18367
39,heartbeat,end,381175,18587
40,heartbeat,start,381175,18587
40,ICG,B-point,381411,18823
40,heartbeat,end,381631,19043
41,heartbeat,start,381631,19043
41,ICG,B-point,381867,19279
41,heartbeat,end,382080,19492
42,heartbeat,start,382080,19492
42,ICG,B-point,382311,19723
42,heartbeat,end,382528,19940
43,heartbeat,start,382528,19940
43,ICG,B-point,382759,20171
43,heartbeat,end,382980,20392
44,heartbeat,start,382980,20392
44,ICG,B-point,383215,20627
44,heartbeat,end,383437,20849
45,heartbeat,start,383437,20849
45,ICG,B-point,383673,21085
45,heartbeat,end,383895,21307
46,heartbeat,start,383895,21307
46,ICG,B-point,384134,21546
46,heartbeat,end,384360,21772
47,heartbeat,start,384360,21772
47,ICG,B-point,384600,22012
47,heartbeat,end,384828,22240
48,heartbeat,start,384828,22240
48,ICG,B-point,385068,22480
48,heartbeat,end,385298,22710
49,heartbeat,start,385298,22710
49,ICG,B-point,385541,22953
49,heartbeat,end,385768,23180
50,heartbeat,start,385768,23180
50,ICG,B-point,386010,23422
50,heartbeat,end,386239,23651
51,heartbeat,start,386239,23651
51,ICG,B-point,386481,23893
51,heartbeat,end,386603,24015
52,heartbeat,start,386603,24015
52,ICG,B-point,386800,24212
52,heartbeat,end,387064,24476
53,heartbeat,start,387064,24476
53,ICG,B-point,387318,24730
53,heartbeat,end,387554,24966
54,heartbeat,start,387554,24966
54,ICG,B-point,387793,25205
54,heartbeat,end,388007,25419
55,heartbeat,start,388007,25419
55,ICG,B-point,388239,25651
55,heartbeat,end,388448,25860
56,heartbeat,start,388448,25860
56,ICG,B-point,388679,26091
56,heartbeat,end,388886,26298
57,heartbeat,start,388886,26298
57,ICG,B-point,389118,26530
57,heartbeat,end,389332,26744
58,heartbeat,start,389332,26744
58,ICG,B-point,389566,26978
58,heartbeat,end,389789,27201
59,heartbeat,start,389789,27201
59,ICG,B-point,390019,27431
59,heartbeat,end,390251,27663
60,heartbeat,start,390251,27663
60,ICG,B-point,390488,27900
60,heartbeat,end,390723,28135
61,heartbeat,start,390723,28135
61,ICG,B-point,390967,28379
61,heartbeat,end,391208,28620
62,heartbeat,start,391208,28620
62,ICG,B-point,391455,28867
62,heartbeat,end,391694,29106
63,heartbeat,start,391694,29106
63,ICG,B-point,391940,29352
63,heartbeat,end,392169,29581
