,mean,mean,mean,mean,std,std,std,std
metric_type,MAE,MARE,ME,MRE,MAE,MARE,ME,MRE
B-Point Algorithm,,,,,,,,
MinMax_KBest_RFR_RR-Interval,7.760119652556808,2.2611579852656556,0.07287948865741867,-0.14429114024514483,11.555172745568925,3.5804182372975295,13.9191237707767,4.232245790791593
SS_KBest_SVR_RR-Interval,7.772683882790753,2.297536037242315,-0.3713512132276662,-0.2875955807152446,13.520789746796341,4.268904465173311,15.591482233308719,4.839422509300233
SS_KBest_SVR_Without-RR-Interval,7.7979422242973735,2.31060307553581,-0.4174273984402423,-0.3118010726313909,13.521944295167135,4.3142471413431105,15.603924737856879,4.884147751727197
MinMax_SFM_RFR_RR-Interval,7.799676277391528,2.2762528650188343,0.1423842359736731,-0.1342147138910974,11.540334260937584,3.5879591516172273,13.928384459840034,4.247030196234613
MinMax_KBest_RFR_Without-RR-Interval,7.8040824261957,2.291105334807341,0.026633214331374312,-0.1551096027142238,11.696544186999532,3.6492174381705578,14.061223183472231,4.306088153370443
SS_SFM_RFR_RR-Interval,7.804929495213519,2.2770942793201296,0.11937894449835004,-0.12710986028743418,11.383910946361292,3.5331585762839963,13.802246632815201,4.201513134036811
SS_KBest_RFR_RR-Interval,7.826446822166657,2.2807863118292033,0.1067904037792914,-0.14295671941582247,11.656199590970102,3.622932617946864,14.039757764236493,4.278749022618863
SS_SFM_SVR_Without-RR-Interval,7.847288882832499,2.3255538277472168,-0.7674424712016252,-0.450706548258225,12.723475235857533,4.079358487278957,14.929288787975384,4.674048626229123
SS_KBest_RFR_Without-RR-Interval,7.84965624499446,2.2971532624134263,-0.0554435223392515,-0.17700555673907983,11.54439520089072,3.5979768788463815,13.9604088922977,4.265152323373668
SS_SFM_RFR_Without-RR-Interval,7.901364237504944,2.3111627313859557,0.05475733860343379,-0.14519407693764172,11.62801477628092,3.6210005367245492,14.058637599022173,4.293314396932091
MinMax_SFM_RFR_Without-RR-Interval,7.9524920583997405,2.3265887493454542,0.09477236476832754,-0.12942993198847227,11.71941487329405,3.6464232367147456,14.162765109962624,4.323561563530039
SS_SFM_SVR_RR-Interval,7.989289146747938,2.341279508917799,-0.5105999727594663,-0.38331952929020446,13.002274348552568,4.019377172793978,15.25232232253954,4.635791891491311
MinMax_None_RFR_RR-Interval-Include-Nan,8.127195379457746,2.457699719962779,-0.03428962130203754,-0.22100780862884217,12.119868218789387,3.9243576521092995,14.592710919851843,4.62520913961038
SS_None_RFR_RR-Interval-Include-Nan,8.176128464620394,2.4707504773389553,-0.016218605239558464,-0.21902094290230015,12.190454814925024,3.94890339470034,14.67862223382499,4.653065087787696
MinMax_SFM_DTR_Without-RR-Interval,8.178128306242185,2.401146376404223,-0.13051841877464654,-0.19053027944855763,13.88015580326173,4.236518014131649,16.10993185693063,4.865987886788785
MinMax_SFM_DTR_RR-Interval,8.191072295002426,2.4099537646813487,-0.2702571567200388,-0.22559866394966993,13.803362990157062,4.201495704518519,16.04867472971569,4.838399245532207
SS_KBest_DTR_RR-Interval,8.193886462882096,2.4147141578880325,-0.048229015041242114,-0.18370034507982094,14.212858575205784,4.346924714509264,16.40577074922475,4.969246998062917
SS_SFM_DTR_Without-RR-Interval,8.21852457439646,2.4207893782947862,-0.2704626334519573,-0.23731850254968867,13.934019105580544,4.25051610009453,16.17511590902893,4.8858312027450035
SS_KBest_DTR_Without-RR-Interval,8.233625084158891,2.421947143991284,-0.2437241511974608,-0.2207859064297121,14.103597367425133,4.284358296347958,16.329456652894713,4.916641853264406
SS_SFM_DTR_RR-Interval,8.254924793789423,2.436600107404552,-0.41950509461426494,-0.30998034865751584,14.1351455640581,4.379750064720757,16.36388508874318,5.002370413807244
MinMax_None_RFR_Without-RR-Interval-Include-Nan,8.260384523444284,2.5166117147921083,-0.10284904479340706,-0.27757739529251874,13.029197271505373,4.453063446376588,15.426905939442287,5.107505856891286
SS_SFM_SVR_Without-RR-Interval-Median-Imputed,8.293286988615472,2.530427477987409,-0.30597638825487145,-0.3468408603680833,14.205370057492408,4.788880968724841,16.4463867717868,5.405247879223577
SS_SFM_RFR_RR-Interval-Median-Imputed,8.303369742321987,2.5105057352085023,-0.03280671255734405,-0.23250060971342235,12.295231639246248,3.9215457827267137,14.836569161179467,4.6505553328784
SS_None_RFR_Without-RR-Interval-Include-Nan,8.316623333118578,2.5380038216735326,-0.12202198893635532,-0.290667866649518,13.04429009382843,4.4627191277775,15.46967975428005,5.125758799576312
MinMax_KBest_DTR_RR-Interval,8.324745269286755,2.453111146877008,-0.13580786026200872,-0.20201541369668377,14.075395191669138,4.325767959907074,16.352565967244367,4.968882427174721
MinMax_KBest_RFR_RR-Interval-Median-Imputed,8.332127052218478,2.5252666645924036,0.0009745368236128888,-0.21548199137954538,12.295956119061433,3.932468711182168,14.85331985828942,4.6685562893921295
MinMax_KBest_DTR_Without-RR-Interval,8.402087140521305,2.4640059664827434,-0.009858613061460037,-0.15629845944085816,14.180477060258141,4.273593676779446,16.482951536995046,4.930626812555223
MinMax_SFM_RFR_RR-Interval-Median-Imputed,8.404488369006662,2.55207899347121,-0.058733336845771304,-0.23890881385993948,12.36431087974329,3.967338053767576,14.950401358208333,4.711303502476367
SS_KBest_RFR_RR-Interval-Median-Imputed,8.417847995672707,2.5515047087256995,-0.06160901983000529,-0.24050127610098004,12.597693695750447,3.991527349981585,15.15138996620657,4.731300599282624
MinMax_KBest_RFR_Without-RR-Interval-Median-Imputed,8.424805755594225,2.5840855656934663,-0.22183708917902834,-0.33882710744773564,13.050950874746913,4.4708480322227215,15.532603468711205,5.152840042426343
SS_KBest_SVR_RR-Interval-Median-Imputed,8.471520382270606,2.5909582475126656,-0.1972644960750225,-0.29673263745936135,15.932212723981696,5.420518166032635,18.04354696501392,6.000635502658735
SS_KBest_RFR_Without-RR-Interval-Median-Imputed,8.480556766753804,2.5940685166808795,-0.11953897068664449,-0.3093931445469115,13.40346709606818,4.485929008590031,15.860797020760065,5.172776497454415
SS_SFM_RFR_Without-RR-Interval-Median-Imputed,8.533432632254328,2.598966108161867,-0.0020665158508407985,-0.2532392641335227,12.897211953671805,4.272611321932178,15.464928844001403,4.994626868991733
MinMax_SFM_RFR_Without-RR-Interval-Median-Imputed,8.604736736305703,2.625120033283801,-0.06278733607573642,-0.29410703672110455,13.203366426347957,4.3506569675246825,15.759854859200336,5.072827397248218
MinMax_KBest_KNR_RR-Interval,8.621650568065531,2.5195858754509275,0.07396020809289665,-0.17661581997058273,12.340705477312175,3.845654998101147,15.054156021948492,4.594213237851124
MinMax_SFM_DTR_RR-Interval-Median-Imputed,8.625426467947566,2.6341582255039975,-0.08520380678757407,-0.2058871440365181,14.69144890835117,4.597048583420958,17.03631628884268,5.294324787206942
MinMax_SFM_SVR_RR-Interval,8.626069075426395,2.5133059900030856,-0.6154967201129936,-0.2872503724868304,12.618805656976429,3.7812755636110555,15.273233852104557,4.531318145690823
MinMax_KBest_SVR_RR-Interval,8.636889681289404,2.5133746095559992,-0.4697544490486463,-0.24893395216650138,12.542658602503245,3.772696339038978,15.221717939602051,4.526469765276176
SS_KBest_SVR_Without-RR-Interval-Median-Imputed,8.650959041534362,2.6337722018952103,-0.06678285857205231,-0.2562040386260649,16.01619027349924,5.3885972297591875,18.203286580597734,5.9923874227754705
MinMax_KBest_KNR_Without-RR-Interval,8.65541590074204,2.526071907675486,-0.0354575784572666,-0.19573912659681114,12.416311608279955,3.8577881934609635,15.135619156898537,4.6071537129535205
SS_SFM_KNR_Without-RR-Interval,8.662326682882206,2.514035427189772,0.02171021769840342,-0.1868564980073626,11.616730742160403,3.594661766472209,14.491069080117184,4.382654058584934
SS_KBest_KNR_RR-Interval,8.673275674636361,2.5373110134985817,0.22445913446036891,-0.12500811630904698,12.336551955891753,3.844337494843563,15.078897138980299,4.604549294829431
MinMax_SFM_KNR_Without-RR-Interval,8.695261401189834,2.5241167766490777,-0.0381164977201786,-0.20576150852795738,11.669429139092374,3.6247820364747643,14.552971071781768,4.412310198862889
SS_KBest_KNR_Without-RR-Interval,8.701373126449187,2.5324311992078767,0.19991178300421283,-0.12331996558495124,12.243299787984125,3.783414889639372,15.019307520728455,4.551136519701672
MinMax_KBest_SVR_Without-RR-Interval,8.719779028727134,2.5372599853813402,-0.5034256746410889,-0.2554718364849802,12.619768579441365,3.8064791767695643,15.331241220048616,4.567528770138004
MinMax_SFM_SVR_Without-RR-Interval,8.744173463285554,2.5511783603577434,-0.5521547435691354,-0.2626110702717997,12.77202395074081,3.85613669595735,15.468924202216593,4.616270799621334
MinMax_KBest_DTR_RR-Interval-Median-Imputed,8.790087987071287,2.673068352388878,0.07685401328784341,-0.1266587309200785,15.779622097214892,4.787593081502346,18.062755908911804,5.481873734191931
SS_SFM_DTR_RR-Interval-Median-Imputed,8.792736577482492,2.685399768573069,-0.26660980427365777,-0.2488548599141146,14.672813000807297,4.644805602245658,17.103786499846326,5.359505967207683
SS_SFM_SVR_RR-Interval-Median-Imputed,8.801364750846524,2.6407022604855097,-0.15085122126126801,-0.20575953112390055,13.303903500675133,4.10089088741942,15.951240304564568,4.873284298272412
MinMax_SFM_KNR_RR-Interval,8.932630037658225,2.583167435216905,-0.0020735455267150925,-0.20087343670026273,11.606607680615399,3.592264612303437,14.646260980827178,4.420114543576423
SS_SFM_KNR_RR-Interval,8.941305881393422,2.587175816276935,0.03382777922546334,-0.19266422659906005,11.685482227913262,3.617988401291046,14.714076938787814,4.443742259581099
SS_KBest_DTR_RR-Interval-Median-Imputed,8.998698150475848,2.7108692217242214,0.20358233075956186,-0.10581054029251584,15.521427753420127,4.6995239100796065,17.940376511406214,5.424370921921671
SS_SFM_DTR_Without-RR-Interval-Median-Imputed,9.061348874455023,2.7645291883449588,-0.24072426372453065,-0.3259772298651886,16.291726582564145,5.379901783412468,18.640755119472512,6.0398985332550215
SS_KBest_DTR_Without-RR-Interval-Median-Imputed,9.09524868760566,2.7933408742111148,-0.03821514369605837,-0.24522536777895218,16.71268460967369,5.516320376720758,19.027434826607028,6.178438089416227
MinMax_SFM_DTR_Without-RR-Interval-Median-Imputed,9.102589198327253,2.772167771948225,-0.22261767061126433,-0.29139341913409456,16.12039459157467,5.267204580776152,18.511673663045563,5.945092463884756
MinMax_KBest_DTR_Without-RR-Interval-Median-Imputed,9.163582169232138,2.8056081402696544,-0.17461517928641337,-0.29254520848911486,16.261030601687963,5.314546446336063,18.664654652781174,6.002578702769704
MinMax_SFM_KNR_Without-RR-Interval-Median-Imputed,9.309079614900925,2.803197400647741,0.08312975255658865,-0.23715279863359146,13.387293949208205,4.2813038021242695,16.305808861650135,5.111940011956227
SS_SFM_KNR_Without-RR-Interval-Median-Imputed,9.332458572725544,2.811491228028956,0.0861465172676217,-0.23711917330447185,13.390810653554306,4.283017179524175,16.322037897069087,5.117928482388367
MinMax_KBest_KNR_RR-Interval-Median-Imputed,9.385822853271511,2.864359422650847,0.07671155418368612,-0.25691611710752016,14.907037229217861,4.981645069320146,17.615772886688912,5.740737528776711
MinMax_KBest_KNR_Without-RR-Interval-Median-Imputed,9.41727236744343,2.846827503411781,0.4204075143636353,-0.14766546745577885,14.545742858026811,4.75123263888234,17.32324413784896,5.536926273224196
SS_KBest_KNR_RR-Interval-Median-Imputed,9.417665700502749,2.8683068744316778,0.16753179839843801,-0.23231280230560641,14.83534904433994,4.951132697791433,17.571565179376726,5.71731265179326
MinMax_KBest_SVR_Without-RR-Interval-Median-Imputed,9.439043657491727,2.829400226414668,-0.37163280426490797,-0.2694808174575096,14.673490326039891,4.507343279246172,17.4435279787717,5.31504798337512
MinMax_SFM_SVR_RR-Interval-Median-Imputed,9.45349327650195,2.8330922167193386,-0.1928858489944426,-0.1859971449016311,14.473915727535044,4.43942657247084,17.2868038629584,5.263177980496903
SS_KBest_KNR_Without-RR-Interval-Median-Imputed,9.454020226631846,2.8620056391541713,0.4251755064704956,-0.1491874407691187,14.50750737584915,4.740050518771177,17.31107829245406,5.535126484480806
MinMax_KBest_SVR_RR-Interval-Median-Imputed,9.457950492910442,2.841555280630632,-0.42069453973541937,-0.29645199158669555,14.604804359009398,4.5694529150371475,17.3949466841328,5.372817667775015
MinMax_SFM_SVR_Without-RR-Interval-Median-Imputed,9.481318005160041,2.8415433406363304,-0.356488448872293,-0.24056554106624042,14.824141444097608,4.526349572920807,17.593506318552148,5.339012134452603
SS_SFM_KNR_RR-Interval-Median-Imputed,9.526608336289405,2.8459258966480894,0.1301271764447836,-0.2086700417813509,13.16181323727949,4.164662079890521,16.247486222804653,5.039929026760318
MinMax_SFM_KNR_RR-Interval-Median-Imputed,9.631261177506033,2.873993364246784,0.0786017027229665,-0.22291256841675886,13.04340094720929,4.141778438430091,16.213995511811405,5.036388951745185
MinMax_None_DTR_RR-Interval-Include-Nan,10.064355141487837,3.0171199841892475,0.05638116757035325,-0.20960542976276164,13.719550712925876,4.373385859760926,17.015379817681175,5.309085472324282
SS_None_DTR_RR-Interval-Include-Nan,10.175344052175905,3.0542349380704703,-0.12937873970970776,-0.2589910769846165,14.347751374971882,4.67428013936781,17.58943060256219,5.5777229766026055
SS_None_DTR_Without-RR-Interval-Include-Nan,10.22985410994592,3.1153189666264978,-0.07390668144810031,-0.31169795745987644,15.513879183311492,5.383829604517208,18.583170124851875,6.212449824268415
MinMax_None_DTR_Without-RR-Interval-Include-Nan,10.341292948043456,3.142196564742381,-0.3851963414094839,-0.3956772148407832,15.318445807564371,5.305603590181822,18.4785889209196,6.15362762040187
drost2022,17.92686182044666,5.3437266853944765,-11.288370851499243,-3.195510107094389,23.016958472578136,7.6757578822809425,26.902466309727636,8.789938648337792
lozano2007-linear-regression,19.62114067087819,6.336696189278679,-10.772132752024202,-4.13751007514192,17.46104100858401,6.474221058404541,23.955421151070933,8.059300031903316
debski1993-second-derivative,20.467776236708275,5.962336710030103,-3.0332871012482663,-0.5317963807019609,21.369165962475012,6.46877584673337,29.43481231683958,8.781513184625352
forouzanfar2018,24.39665914221219,7.48086521069523,18.824830699774267,6.101111823933544,35.28070371431431,11.310438871787955,38.54312555674021,12.110635760233606
miljkovic2022,24.932912180799004,7.479378747542278,7.31550849719726,1.8427023391739552,35.19311811835317,11.652942144366307,42.50575917226869,13.723749154721324
lozano2007-quadratic-regression,25.766260343446927,7.7226599583638045,4.957291573983451,-0.2818334776978732,25.87753848829915,8.163458289439648,36.180510225254864,11.234206596211658
sherwood1990,29.191813509544787,8.409976301510799,-2.4908223201174744,-1.5936854251782613,20.050855741066613,5.665628624710427,35.32806593231298,10.014662975324825
arbol2017-isoelectric-crossings,30.78804347826087,9.049628516727005,0.04107270135424091,-0.6600459808875578,26.471224376459105,8.14399541595301,40.60433615879728,12.156974757235709
stern1985,30.930806954971022,9.673563801513076,28.58591172536781,9.003108370285789,41.691169153159116,13.764897584085226,43.332741665768324,14.212508519753733
arbol2017-second-derivative,44.625144585817246,13.537015415336517,40.63244060859507,12.365741646250243,28.70156804735483,10.114032844449975,34.12064768870533,11.516752145074967
arbol2017-third-derivative,44.784551036753584,13.297414448832527,11.243748331405179,2.9045410218237446,55.2234218961668,18.71429340735894,70.20703463410669,22.773331693166615
pale2021,105.45208648456268,29.408995536253745,71.90105881306167,18.897111349166828,113.31265656334197,29.32350692889189,137.079057154727,36.982447791399586
